{
  "tasks": {
    "dev": "deno run --allow-read --allow-env --watch --env-file=main.env src/main.ts",
    "start": "deno run --allow-read --allow-env --env-file=main.env src/main.ts"
  },
  "compilerOptions": {
    "emitDecoratorMetadata": true,
    "verbatimModuleSyntax": true,
    "lib": [
      "deno.window"
    ],
    "noFallthroughCasesInSwitch": true,
    "noImplicitReturns": true,
    "noUnusedLocals": true,
    "noUnusedParameters": true,
    "strict": true,
    "allowUnreachableCode": false,
    "allowUnusedLabels": false,
    "exactOptionalPropertyTypes": false,
    "noImplicitOverride": true
  }
}
